,PC1,PC2
poverty_incidence,0.5051853551091172,0.1927955704870147
poverty_intensity,0.39355377147937587,-0.37066707035111174
illiteracy_rate,0.4839076575235849,0.2141751076749346
uninsured_rate,0.04309456067589937,0.6578993007653156
unemployment_rate,0.37795662673468233,-0.5307989825010259
dependency_ratio,0.45937807095589867,0.2549230559183001
