,n,folds,ets_mae,arima_mae,lstm_h8_mae,lstm_h8_seed_sd,lstm_h32_mae,lstm_h32_seed_sd,ets_mape,arima_mape,lstm_h8_mape,lstm_h32_mape
u5mr_who,92.0,10.0,0.09743083335926457,0.07958688211137854,6.3351922035217285,1.875365972518921,1.4015581607818604,0.9199889302253723,0.2153104261354232,0.1772016031829843,14.077251205180492,3.0970740807654487
tb_incidence_per100k,25.0,6.0,0.30460864640829516,0.37680818774622554,4.965884685516357,0.9519878029823303,3.094876289367676,0.3025129735469818,0.23315294088379554,0.2900064006898657,3.677485645109333,2.308918690287795
